"Aleutians East Borough","AK"
"Aleutians West","AK"
"Anchorage Borough","AK"
"Bethel","AK"
"Bristol Bay Borough","AK"
"City & Borough of Juneau","AK"
"City & Borough of Sitka","AK"
"City & Borough of Yakutat","AK"
"Denali Borough","AK"
"Dillingham","AK"
"Haines Borough","AK"
"Kenai Peninsula Borough","AK"
"Ketchikan Gateway Borough","AK"
"Kodiak Island Borough","AK"
"Lake And Peninsula Borough","AK"
"Nome","AK"
"North Slope Borough","AK"
"Northwest Arctic Borough","AK"
"Prince of Wales-Outer Ketchikan","AK"
"Skagway-Hoonah-Angoon.","AK"
"Southeast Fairbanks","AK"
"Valdez-Cordova","AK"
"Wade Hampton","AK"
"Wrangell-Petersburg","AK"
"Yukon-Koyukuk","AK"
"Autauga County","AL"
"Barbour County","AL"
"Bibb County","AL"
"Blount County","AL"
"Bullock County","AL"
"Butler County","AL"
"Calhoun County","AL"
"Chambers County","AL"
"Choctaw County","AL"
"Clay County","AL"
"Cleburne County","AL"
"Coffee County","AL"
"Conecuh County","AL"
"Coosa County","AL"
"Covington County","AL"
"Dale County","AL"
"Dallas County","AL"
"Elmore County","AL"
"Franklin County","AL"
"Geneva County","AL"
"Greene County","AL"
"Hale County","AL"
"Jackson County","AL"
"Lamar County","AL"
"Lauderdale County","AL"
"Lawrence County","AL"
"Lowndes County","AL"
"Macon County","AL"
"Marshall County","AL"
"Monroe County","AL"
"Montgomery County","AL"
"Morgan County","AL"
"Perry County","AL"
"Pike County","AL"
"Randolph County","AL"
"Russell County","AL"
"Shelby County","AL"
"St. Clair County","AL"
"Sumter County","AL"
"Talladega County","AL"
"Tuscaloosa County","AL"
"Washington County","AL"
"Wilcox County","AL"
"Arkansas County","AR"
"Ashley County","AR"
"Baxter County","AR"
"Boone County","AR"
"Bradley County","AR"
"Calhoun County","AR"
"Carroll County","AR"
"Chicot County","AR"
"Clay County","AR"
"Cleburne County","AR"
"Cleveland County","AR"
"Columbia County","AR"
"Conway County","AR"
"Craighead County","AR"
"Crawford County","AR"
"Crittenden County","AR"
"Cross County","AR"
"Desha County","AR"
"Faulkner County","AR"
"Franklin County","AR"
"Fulton County","AR"
"Garland County","AR"
"Grant County","AR"
"Hempstead County","AR"
"Hot Spring County","AR"
"Howard County","AR"
"Independence County","AR"
"Izard County","AR"
"Jackson County","AR"
"Johnson County","AR"
"Lafayette County","AR"
"Lawrence County","AR"
"Lee County","AR"
"Lincoln County","AR"
"Little River County","AR"
"Logan County","AR"
"Lonoke County","AR"
"Madison County","AR"
"Marion County","AR"
"Mississippi County","AR"
"Monroe County","AR"
"Montgomery County","AR"
"Nevada County","AR"
"Newton County","AR"
"Ouachita County","AR"
"Perry County","AR"
"Phillips County","AR"
"Pike County","AR"
"Poinsett County","AR"
"Polk County","AR"
"Prairie County","AR"
"Pulaski County","AR"
"Randolph County","AR"
"Scott County","AR"
"Searcy County","AR"
"Sevier County","AR"
"St. Francis County","AR"
"Stone County","AR"
"Union County","AR"
"Van Buren County","AR"
"Washington County","AR"
"White County","AR"
"Woodruff County","AR"
"Apache County","AZ"
"Cochise County","AZ"
"Graham County","AZ"
"Greenlee County","AZ"
"La Paz County","AZ"
"Navajo County","AZ"
"Santa Cruz County","AZ"
"Yuma County","AZ"
"Alpine County","CA"
"Amador County","CA"
"Calaveras County","CA"
"Colusa County","CA"
"Del Norte County","CA"
"Glenn County","CA"
"Imperial County","CA"
"Inyo County","CA"
"Marin County","CA"
"Mariposa County","CA"
"Mendocino County","CA"
"Merced County","CA"
"Modoc County","CA"
"Mono County","CA"
"Napa County","CA"
"Placer County","CA"
"Plumas County","CA"
"Sierra County","CA"
"Siskiyou County","CA"
"Solano County","CA"
"Sonoma County","CA"
"Tehama County","CA"
"Trinity County","CA"
"Tuolumne County","CA"
"Yuba County","CA"
"Alamosa County","CO"
"Arapahoe County","CO"
"Archuleta County","CO"
"Baca County","CO"
"Bent County","CO"
"Boulder County","CO"
"Chaffee County","CO"
"Cheyenne County","CO"
"Clear Creek County","CO"
"Conejos County","CO"
"Costilla County","CO"
"Crowley County","CO"
"Custer County","CO"
"Delta County","CO"
"Denver City and County","CO"
"Dolores County","CO"
"Eagle County","CO"
"Elbert County","CO"
"Fremont County","CO"
"Gilpin County","CO"
"Grand County","CO"
"Gunnison County","CO"
"Hinsdale County","CO"
"Huerfano County","CO"
"Jackson County","CO"
"Kiowa County","CO"
"Kit Carson County","CO"
"La Plata County","CO"
"Lake County","CO"
"Las Animas County","CO"
"Lincoln County","CO"
"Logan County","CO"
"Mesa County","CO"
"Mineral County","CO"
"Moffat County","CO"
"Montrose County","CO"
"Morgan County","CO"
"Otero County","CO"
"Ouray County","CO"
"Park County","CO"
"Phillips County","CO"
"Pitkin County","CO"
"Prowers County","CO"
"Pueblo County","CO"
"Rio Blanco County","CO"
"Rio Grande County","CO"
"Routt County","CO"
"Saguache County","CO"
"San Juan County","CO"
"San Miguel County","CO"
"Sedgwick County","CO"
"Teller County","CO"
"Washington County","CO"
"Weld County","CO"
"Yuma County","CO"
"Sussex County","DE"
"Alachua County","FL"
"Baker County","FL"
"Bradford County","FL"
"Citrus County","FL"
"Clay County","FL"
"DeSoto County","FL"
"Dixie County","FL"
"Flagler County","FL"
"Franklin County","FL"
"Gadsden County","FL"
"Gilchrist County","FL"
"Glades County","FL"
"Gulf County","FL"
"Hamilton County","FL"
"Hendry County","FL"
"Highlands County","FL"
"Holmes County","FL"
"Jefferson County","FL"
"Levy County","FL"
"Liberty County","FL"
"Monroe County","FL"
"Nassau County","FL"
"Okeechobee County","FL"
"Putnam County","FL"
"Sarasota County","FL"
"Seminole County","FL"
"Sumter County","FL"
"Taylor County","FL"
"Union County","FL"
"Walton County","FL"
"Appling County","GA"
"Athens-Clarke County","GA"
"Atkinson County","GA"
"Augusta-Richmond County","GA"
"Bacon County","GA"
"Baker County","GA"
"Baldwin County","GA"
"Banks County","GA"
"Ben Hill County","GA"
"Berrien County","GA"
"Bibb County","GA"
"Bleckley County","GA"
"Burke County","GA"
"Butts County","GA"
"Calhoun County","GA"
"Camden County","GA"
"Candler County","GA"
"Charlton County","GA"
"Chatham County","GA"
"Cherokee County","GA"
"Clay County","GA"
"Clinch County","GA"
"Coffee County","GA"
"Colquitt County","GA"
"Columbia County","GA"
"Columbus-Muscogee County","GA"
"Crawford County","GA"
"Crisp County","GA"
"Cusseta-Chattahoochee County","GA"
"Dawson County","GA"
"Decatur County","GA"
"DeKalb County","GA"
"Dodge County","GA"
"Dooly County","GA"
"Dougherty County","GA"
"Douglas County","GA"
"Early County","GA"
"Echols County","GA"
"Effingham County","GA"
"Elbert County","GA"
"Evans County","GA"
"Fannin County","GA"
"Floyd County","GA"
"Franklin County","GA"
"Gilmer County","GA"
"Glynn County","GA"
"Grady County","GA"
"Greene County","GA"
"Hancock County","GA"
"Harris County","GA"
"Hart County","GA"
"Heard County","GA"
"Houston County","GA"
"Irwin County","GA"
"Jackson County","GA"
"Jasper County","GA"
"Jeff Davis County","GA"
"Jenkins County","GA"
"Johnson County","GA"
"Jones County","GA"
"Lamar County","GA"
"Lanier County","GA"
"Laurens County","GA"
"Liberty County","GA"
"Lincoln County","GA"
"Long County","GA"
"Lowndes County","GA"
"Madison County","GA"
"Marion County","GA"
"McDuffie County","GA"
"McIntosh County","GA"
"Meriwether County","GA"
"Miller County","GA"
"Monroe County","GA"
"Montgomery County","GA"
"Morgan County","GA"
"Oconee County","GA"
"Oglethorpe County","GA"
"Paulding County","GA"
"Pickens County","GA"
"Pierce County","GA"
"Pike County","GA"
"Polk County","GA"
"Pulaski County","GA"
"Putnam County","GA"
"Quitman County","GA"
"Rabun County","GA"
"Randolph County","GA"
"Schley County","GA"
"Screven County","GA"
"Seminole County","GA"
"Stephens County","GA"
"Stewart County","GA"
"Sumter County","GA"
"Talbot County","GA"
"Taliaferro County","GA"
"Tattnall County","GA"
"Taylor County","GA"
"Telfair County","GA"
"Terrell County","GA"
"Tift County","GA"
"Toombs County","GA"
"Towns County","GA"
"Treutlen County","GA"
"Troup County","GA"
"Turner County","GA"
"Upson County","GA"
"Walker County","GA"
"Walton County","GA"
"Warren County","GA"
"Washington County","GA"
"Webster County","GA"
"Wheeler County","GA"
"White County","GA"
"Whitfield County","GA"
"Wilcox County","GA"
"Wilkes County","GA"
"Wilkinson County","GA"
"Hawaii County","HI"
"Honolulu City and County","HI"
"Kauai County","HI"
"Maui County","HI"
"Adair County","IA"
"Adams County","IA"
"Allamakee County","IA"
"Appanoose County","IA"
"Audubon County","IA"
"Benton County","IA"
"Black Hawk County","IA"
"Boone County","IA"
"Bremer County","IA"
"Buchanan County","IA"
"Buena Vista County","IA"
"Butler County","IA"
"Calhoun County","IA"
"Carroll County","IA"
"Cedar County","IA"
"Cerro Gordo County","IA"
"Cherokee County","IA"
"Chickasaw County","IA"
"Clarke County","IA"
"Clay County","IA"
"Clayton County","IA"
"Crawford County","IA"
"Dallas County","IA"
"Davis County","IA"
"Decatur County","IA"
"Delaware County","IA"
"Dickinson County","IA"
"Dubuque County","IA"
"Emmet County","IA"
"Fayette County","IA"
"Floyd County","IA"
"Franklin County","IA"
"Fremont County","IA"
"Greene County","IA"
"Grundy County","IA"
"Guthrie County","IA"
"Hamilton County","IA"
"Hancock County","IA"
"Hardin County","IA"
"Harrison County","IA"
"Howard County","IA"
"Humboldt County","IA"
"Ida County","IA"
"Jackson County","IA"
"Jasper County","IA"
"Jefferson County","IA"
"Johnson County","IA"
"Jones County","IA"
"Kossuth County","IA"
"Lee County","IA"
"Louisa County","IA"
"Lucas County","IA"
"Lyon County","IA"
"Madison County","IA"
"Mahaska County","IA"
"Marion County","IA"
"Marshall County","IA"
"Mills County","IA"
"Mitchell County","IA"
"Monona County","IA"
"Monroe County","IA"
"Montgomery County","IA"
"Muscatine County","IA"
"Osceola County","IA"
"O\'Brien County","IA"
"Page County","IA"
"Palo Alto County","IA"
"Plymouth County","IA"
"Pocahontas County","IA"
"Poweshiek County","IA"
"Ringgold County","IA"
"Sac County","IA"
"Shelby County","IA"
"Sioux County","IA"
"Story County","IA"
"Tama County","IA"
"Taylor County","IA"
"Union County","IA"
"Van Buren County","IA"
"Wapello County","IA"
"Warren County","IA"
"Washington County","IA"
"Webster County","IA"
"Winnebago County","IA"
"Winneshiek County","IA"
"Woodbury County","IA"
"Worth County","IA"
"Adams County","ID"
"Bannock County","ID"
"Bear Lake County","ID"
"Benewah County","ID"
"Blaine County","ID"
"Boise County","ID"
"Boundary County","ID"
"Butte County","ID"
"Camas County","ID"
"Caribou County","ID"
"Cassia County","ID"
"Clark County","ID"
"Clearwater County","ID"
"Custer County","ID"
"Elmore County","ID"
"Franklin County","ID"
"Fremont County","ID"
"Gem County","ID"
"Gooding County","ID"
"Idaho County","ID"
"Jerome County","ID"
"Kootenai County","ID"
"Latah County","ID"
"Lemhi County","ID"
"Lewis County","ID"
"Lincoln County","ID"
"Madison County","ID"
"Minidoka County","ID"
"Nez Perce County","ID"
"Oneida County","ID"
"Owyhee County","ID"
"Payette County","ID"
"Power County","ID"
"Teton County","ID"
"Twin Falls County","ID"
"Valley County","ID"
"Washington County","ID"
"Adams County","IL"
"Alexander County","IL"
"Bond County","IL"
"Boone County","IL"
"Brown County","IL"
"Bureau County","IL"
"Calhoun County","IL"
"Carroll County","IL"
"Cass County","IL"
"Clark County","IL"
"Clay County","IL"
"Clinton County","IL"
"Coles County","IL"
"Crawford County","IL"
"Cumberland County","IL"
"DeKalb County","IL"
"Douglas County","IL"
"Edgar County","IL"
"Edwards County","IL"
"Effingham County","IL"
"Fayette County","IL"
"Ford County","IL"
"Franklin County","IL"
"Fulton County","IL"
"Gallatin County","IL"
"Hamilton County","IL"
"Hancock County","IL"
"Hardin County","IL"
"Henderson County","IL"
"Henry County","IL"
"Jackson County","IL"
"Jasper County","IL"
"Jersey County","IL"
"Jo Daviess County","IL"
"Johnson County","IL"
"Kankakee County","IL"
"Kendall County","IL"
"Knox County","IL"
"Lawrence County","IL"
"Livingston County","IL"
"Logan County","IL"
"Marion County","IL"
"Marshall County","IL"
"Mason County","IL"
"Massac County","IL"
"McDonough County","IL"
"McLean County","IL"
"Menard County","IL"
"Mercer County","IL"
"Monroe County","IL"
"Montgomery County","IL"
"Morgan County","IL"
"Moultrie County","IL"
"Ogle County","IL"
"Perry County","IL"
"Piatt County","IL"
"Pike County","IL"
"Pope County","IL"
"Pulaski County","IL"
"Putnam County","IL"
"Saline County","IL"
"Sangamon County","IL"
"Schuyler County","IL"
"Scott County","IL"
"Shelby County","IL"
"Stephenson County","IL"
"Tazewell County","IL"
"Union County","IL"
"Vermilion County","IL"
"Wabash County","IL"
"Warren County","IL"
"Washington County","IL"
"Wayne County","IL"
"Whiteside County","IL"
"Williamson County","IL"
"Woodford County","IL"
"Adams County","IN"
"Benton County","IN"
"Carroll County","IN"
"Clinton County","IN"
"Crawford County","IN"
"Daviess County","IN"
"Dearborn County","IN"
"Decatur County","IN"
"DeKalb County","IN"
"Dubois County","IN"
"Fayette County","IN"
"Floyd County","IN"
"Fountain County","IN"
"Franklin County","IN"
"Fulton County","IN"
"Gibson County","IN"
"Greene County","IN"
"Hancock County","IN"
"Howard County","IN"
"Jackson County","IN"
"Jay County","IN"
"Jefferson County","IN"
"La Porte County","IN"
"LaGrange County","IN"
"Lawrence County","IN"
"Marshall County","IN"
"Martin County","IN"
"Montgomery County","IN"
"Newton County","IN"
"Ohio County","IN"
"Orange County","IN"
"Parke County","IN"
"Perry County","IN"
"Pike County","IN"
"Porter County","IN"
"Posey County","IN"
"Pulaski County","IN"
"Putnam County","IN"
"Ripley County","IN"
"Rush County","IN"
"Scott County","IN"
"Spencer County","IN"
"Starke County","IN"
"Steuben County","IN"
"Sullivan County","IN"
"Switzerland County","IN"
"Union County","IN"
"Vanderburgh County","IN"
"Vermillion County","IN"
"Wabash County","IN"
"Warren County","IN"
"Warrick County","IN"
"Washington County","IN"
"Wayne County","IN"
"Anderson County","KS"
"Atchison County","KS"
"Barber County","KS"
"Barton County","KS"
"Bourbon County","KS"
"Brown County","KS"
"Butler County","KS"
"Chase County","KS"
"Cherokee County","KS"
"Cheyenne County","KS"
"Clark County","KS"
"Clay County","KS"
"Cloud County","KS"
"Coffey County","KS"
"Comanche County","KS"
"Cowley County","KS"
"Decatur County","KS"
"Dickinson County","KS"
"Doniphan County","KS"
"Douglas County","KS"
"Edwards County","KS"
"Elk County","KS"
"Ellis County","KS"
"Ellsworth County","KS"
"Finney County","KS"
"Ford County","KS"
"Franklin County","KS"
"Geary County","KS"
"Gove County","KS"
"Graham County","KS"
"Grant County","KS"
"Gray County","KS"
"Greeley County","KS"
"Greenwood County","KS"
"Hamilton County","KS"
"Harper County","KS"
"Harvey County","KS"
"Haskell County","KS"
"Hodgeman County","KS"
"Jackson County","KS"
"Jefferson County","KS"
"Jewell County","KS"
"Kearny County","KS"
"Kingman County","KS"
"Kiowa County","KS"
"Labette County","KS"
"Lane County","KS"
"Lincoln County","KS"
"Linn County","KS"
"Logan County","KS"
"Lyon County","KS"
"Marion County","KS"
"Marshall County","KS"
"McPherson County","KS"
"Meade County","KS"
"Miami County","KS"
"Mitchell County","KS"
"Montgomery County","KS"
"Morris County","KS"
"Morton County","KS"
"Nemaha County","KS"
"Ness County","KS"
"Norton County","KS"
"Osage County","KS"
"Osborne County","KS"
"Ottawa County","KS"
"Pawnee County","KS"
"Phillips County","KS"
"Pottawatomie County","KS"
"Pratt County","KS"
"Rawlins County","KS"
"Reno County","KS"
"Rice County","KS"
"Rooks County","KS"
"Rush County","KS"
"Russell County","KS"
"Shawnee County","KS"
"Sheridan County","KS"
"Smith County","KS"
"Stafford County","KS"
"Stanton County","KS"
"Stevens County","KS"
"Sumner County","KS"
"Thomas County","KS"
"Trego County","KS"
"Unified Govt. of Wyandotte County/K.C.","KS"
"Wabaunsee County","KS"
"Wallace County","KS"
"Washington County","KS"
"Wichita County","KS"
"Wilson County","KS"
"Woodson County","KS"
"Wyandotte County","KS"
"Allen County","KY"
"Anderson County","KY"
"Ballard County","KY"
"Boyd County","KY"
"Bracken County","KY"
"Breathitt County","KY"
"Bullitt County","KY"
"Caldwell County","KY"
"Calloway County","KY"
"Carlisle County","KY"
"Carroll County","KY"
"Christian County","KY"
"Clinton County","KY"
"Crittenden County","KY"
"Cumberland County","KY"
"Edmonson County","KY"
"Elliott County","KY"
"Estill County","KY"
"Fleming County","KY"
"Floyd County","KY"
"Fulton County","KY"
"Gallatin County","KY"
"Grant County","KY"
"Graves County","KY"
"Green County","KY"
"Hancock County","KY"
"Harlan County","KY"
"Harrison County","KY"
"Henry County","KY"
"Hickman County","KY"
"Jackson County","KY"
"Kenton County","KY"
"Knott County","KY"
"Knox County","KY"
"LaRue County","KY"
"Lawrence County","KY"
"Lee County","KY"
"Leslie County","KY"
"Letcher County","KY"
"Lewis County","KY"
"Livingston County","KY"
"Lyon County","KY"
"Madison County","KY"
"Magoffin County","KY"
"Marion County","KY"
"Marshall County","KY"
"Martin County","KY"
"Mason County","KY"
"McCreary County","KY"
"McLean County","KY"
"Menifee County","KY"
"Mercer County","KY"
"Montgomery County","KY"
"Morgan County","KY"
"Muhlenberg County","KY"
"Nelson County","KY"
"Nicholas County","KY"
"Ohio County","KY"
"Owen County","KY"
"Pendleton County","KY"
"Perry County","KY"
"Pike County","KY"
"Powell County","KY"
"Robertson County","KY"
"Rockcastle County","KY"
"Shelby County","KY"
"Spencer County","KY"
"Taylor County","KY"
"Todd County","KY"
"Trigg County","KY"
"Union County","KY"
"Washington County","KY"
"Wolfe County","KY"
"Woodford County","KY"
"Allen Parish","LA"
"Assumption Parish","LA"
"Avoyelles Parish","LA"
"Beauregard Parish","LA"
"Bienville Parish","LA"
"Bossier Parish","LA"
"Caldwell Parish","LA"
"Cameron Parish","LA"
"Catahoula Parish","LA"
"Claiborne Parish","LA"
"Concordia Parish","LA"
"DeSoto Parish","LA"
"East Feliciana Parish","LA"
"Evangeline Parish","LA"
"Franklin Parish","LA"
"Grant Parish","LA"
"Iberia Parish","LA"
"Iberville Parish","LA"
"Jackson Parish","LA"
"Jefferson Parish","LA"
"Lafayette Consolidated Government","LA"
"Lafourche Parish","LA"
"LaSalle Parish","LA"
"Lincoln Parish","LA"
"Madison Parish","LA"
"Morehouse Parish","LA"
"Natchitoches Parish","LA"
"Orleans Parish","LA"
"Plaquemines Parish","LA"
"Pointe Coupee Parish","LA"
"Rapides Parish","LA"
"Red River Parish","LA"
"Richland Parish","LA"
"Sabine Parish","LA"
"St. Bernard Parish","LA"
"St. Charles Parish","LA"
"St. Helena Parish","LA"
"St. Martin Parish","LA"
"St. Mary Parish","LA"
"St. Tammany Parish","LA"
"Tangipahoa Parish","LA"
"Tensas Parish","LA"
"Union Parish","LA"
"Vermilion Parish","LA"
"Vernon Parish","LA"
"Washington Parish","LA"
"Webster Parish","LA"
"West Baton Rouge Parish","LA"
"West Carroll Parish","LA"
"West Feliciana Parish","LA"
"Winn Parish","LA"
"Hampden County","MA"
"Nantucket County","MA"
"Norfolk County","MA"
"Suffolk County","MA"
"Suffolk County","MA"
"Carroll County","MD"
"Cecil County","MD"
"Dorchester County","MD"
"Howard County","MD"
"Kent County","MD"
"Prince George\'s County","MD"
"Queen Anne\'s County","MD"
"Somerset County","MD"
"St. Mary\'s County","MD"
"Washington County","MD"
"Wicomico County","MD"
"Franklin County","ME"
"Hancock County","ME"
"Knox County","ME"
"Lincoln County","ME"
"Piscataquis County","ME"
"Somerset County","ME"
"York County","ME"
"Alger County","MI"
"Alpena County","MI"
"Arenac County","MI"
"Baraga County","MI"
"Barry County","MI"
"Bay County","MI"
"Benzie County","MI"
"Branch County","MI"
"Cass County","MI"
"Chippewa County","MI"
"Clare County","MI"
"Crawford County","MI"
"Delta County","MI"
"Dickinson County","MI"
"Eaton County","MI"
"Emmet County","MI"
"Gladwin County","MI"
"Gogebic County","MI"
"Grand Traverse County","MI"
"Gratiot County","MI"
"Hillsdale County","MI"
"Houghton County","MI"
"Huron County","MI"
"Ingham County","MI"
"Ionia County","MI"
"Iosco County","MI"
"Iron County","MI"
"Isabella County","MI"
"Jackson County","MI"
"Kalkaska County","MI"
"Keweenaw County","MI"
"Lake County","MI"
"Lapeer County","MI"
"Luce County","MI"
"Mackinac County","MI"
"Manistee County","MI"
"Mason County","MI"
"Mecosta County","MI"
"Menominee County","MI"
"Midland County","MI"
"Missaukee County","MI"
"Montcalm County","MI"
"Montmorency County","MI"
"Muskegon County","MI"
"Newaygo County","MI"
"Oceana County","MI"
"Ogemaw County","MI"
"Ontonagon County","MI"
"Oscoda County","MI"
"Otsego County","MI"
"Ottawa County","MI"
"Presque Isle County","MI"
"Roscommon County","MI"
"Saginaw County","MI"
"Sanilac County","MI"
"Schoolcraft County","MI"
"Shiawassee County","MI"
"St. Joseph County","MI"
"Van Buren County","MI"
"Aitkin County","MN"
"Becker County","MN"
"Beltrami County","MN"
"Benton County","MN"
"Big Stone County","MN"
"Blue Earth County","MN"
"Brown County","MN"
"Carlton County","MN"
"Carver County","MN"
"Cass County","MN"
"Chippewa County","MN"
"Chisago County","MN"
"Clay County","MN"
"Clearwater County","MN"
"Cook County","MN"
"Cottonwood County","MN"
"Crow Wing County","MN"
"Douglas County","MN"
"Faribault County","MN"
"Fillmore County","MN"
"Freeborn County","MN"
"Goodhue County","MN"
"Hennepin County","MN"
"Houston County","MN"
"Hubbard County","MN"
"Isanti County","MN"
"Jackson County","MN"
"Kanabec County","MN"
"Kandiyohi County","MN"
"Kittson County","MN"
"Koochiching County","MN"
"Lac Qui Parle County","MN"
"Lake County","MN"
"Lake Of The Woods County","MN"
"Lincoln County","MN"
"Lyon County","MN"
"Mahnomen County","MN"
"Martin County","MN"
"McLeod County","MN"
"Meeker County","MN"
"Mille Lacs County","MN"
"Morrison County","MN"
"Mower County","MN"
"Murray County","MN"
"Nobles County","MN"
"Norman County","MN"
"Olmsted County","MN"
"Otter Tail County","MN"
"Pennington County","MN"
"Pine County","MN"
"Polk County","MN"
"Pope County","MN"
"Red Lake County","MN"
"Redwood County","MN"
"Renville County","MN"
"Rice County","MN"
"Rock County","MN"
"Roseau County","MN"
"Scott County","MN"
"Stearns County","MN"
"Steele County","MN"
"Stevens County","MN"
"Swift County","MN"
"Todd County","MN"
"Traverse County","MN"
"Wabasha County","MN"
"Wadena County","MN"
"Waseca County","MN"
"Washington County","MN"
"Watonwan County","MN"
"Wilkin County","MN"
"Winona County","MN"
"Yellow Medicine County","MN"
"Adair County","MO"
"Andrew County","MO"
"Atchison County","MO"
"Audrain County","MO"
"Barry County","MO"
"Barton County","MO"
"Bates County","MO"
"Benton County","MO"
"Bollinger County","MO"
"Butler County","MO"
"Caldwell County","MO"
"Callaway County","MO"
"Carroll County","MO"
"Carter County","MO"
"Cass County","MO"
"Cedar County","MO"
"Chariton County","MO"
"Clark County","MO"
"Clinton County","MO"
"Cooper County","MO"
"Crawford County","MO"
"Dallas County","MO"
"Daviess County","MO"
"DeKalb County","MO"
"Dent County","MO"
"Douglas County","MO"
"Dunklin County","MO"
"Gasconade County","MO"
"Gentry County","MO"
"Grundy County","MO"
"Harrison County","MO"
"Henry County","MO"
"Hickory County","MO"
"Holt County","MO"
"Howard County","MO"
"Iron County","MO"
"Johnson County","MO"
"Knox County","MO"
"Laclede County","MO"
"Lafayette County","MO"
"Lewis County","MO"
"Linn County","MO"
"Livingston County","MO"
"Madison County","MO"
"Maries County","MO"
"Marion County","MO"
"McDonald County","MO"
"Mercer County","MO"
"Mississippi County","MO"
"Moniteau County","MO"
"Monroe County","MO"
"Montgomery County","MO"
"Morgan County","MO"
"New Madrid County","MO"
"Newton County","MO"
"Nodaway County","MO"
"Oregon County","MO"
"Osage County","MO"
"Pemiscot County","MO"
"Pettis County","MO"
"Pike County","MO"
"Polk County","MO"
"Pulaski County","MO"
"Putnam County","MO"
"Ralls County","MO"
"Randolph County","MO"
"Ray County","MO"
"Reynolds County","MO"
"Ripley County","MO"
"Saline County","MO"
"Scotland County","MO"
"Scott County","MO"
"Shannon County","MO"
"Shelby County","MO"
"St. Clair County","MO"
"St. Francois County","MO"
"St. Louis City","MO"
"Ste. Genevieve County","MO"
"Stoddard County","MO"
"Sullivan County","MO"
"Texas County","MO"
"Vernon County","MO"
"Wayne County","MO"
"Webster County","MO"
"Worth County","MO"
"Wright County","MO"
"Adams County","MS"
"Alcorn County","MS"
"Amite County","MS"
"Attala County","MS"
"Benton County","MS"
"Bolivar County","MS"
"Calhoun County","MS"
"Chickasaw County","MS"
"Choctaw County","MS"
"Claiborne County","MS"
"Clarke County","MS"
"Clay County","MS"
"Coahoma County","MS"
"Copiah County","MS"
"Covington County","MS"
"Forrest County","MS"
"Franklin County","MS"
"Greene County","MS"
"Grenada County","MS"
"Hancock County","MS"
"Holmes County","MS"
"Humphreys County","MS"
"Issaquena County","MS"
"Itawamba County","MS"
"Jasper County","MS"
"Jefferson County","MS"
"Jefferson Davis County","MS"
"Jones County","MS"
"Kemper County","MS"
"Lafayette County","MS"
"Lamar County","MS"
"Lawrence County","MS"
"Leake County","MS"
"Leflore County","MS"
"Lincoln County","MS"
"Lowndes County","MS"
"Madison County","MS"
"Marion County","MS"
"Marshall County","MS"
"Monroe County","MS"
"Montgomery County","MS"
"Neshoba County","MS"
"Newton County","MS"
"Noxubee County","MS"
"Oktibbeha County","MS"
"Panola County","MS"
"Pearl River County","MS"
"Perry County","MS"
"Pike County","MS"
"Pontotoc County","MS"
"Prentiss County","MS"
"Quitman County","MS"
"Scott County","MS"
"Sharkey County","MS"
"Simpson County","MS"
"Smith County","MS"
"Stone County","MS"
"Sunflower County","MS"
"Tallahatchie County","MS"
"Tate County","MS"
"Tippah County","MS"
"Tishomingo County","MS"
"Tunica County","MS"
"Union County","MS"
"Walthall County","MS"
"Warren County","MS"
"Washington County","MS"
"Wayne County","MS"
"Webster County","MS"
"Wilkinson County","MS"
"Winston County","MS"
"Yalobusha County","MS"
"Yazoo County","MS"
"Anaconda-Deer Lodge County","MT"
"Beaverhead County","MT"
"Blaine County","MT"
"Broadwater County","MT"
"Butte-Silver Bow County","MT"
"Carbon County","MT"
"Carter County","MT"
"Chouteau County","MT"
"Custer County","MT"
"Daniels County","MT"
"Dawson County","MT"
"Fallon County","MT"
"Fergus County","MT"
"Gallatin County","MT"
"Garfield County","MT"
"Glacier County","MT"
"Golden Valley County","MT"
"Granite County","MT"
"Hill County","MT"
"Jefferson County","MT"
"Judith Basin County","MT"
"Lake County","MT"
"Liberty County","MT"
"Madison County","MT"
"Meagher County","MT"
"Mineral County","MT"
"Missoula County","MT"
"Musselshell County","MT"
"Park County","MT"
"Petroleum County","MT"
"Phillips County","MT"
"Pondera County","MT"
"Powder River County","MT"
"Powell County","MT"
"Prairie County","MT"
"Richland County","MT"
"Roosevelt County","MT"
"Rosebud County","MT"
"Sanders County","MT"
"Sheridan County","MT"
"Stillwater County","MT"
"Sweet Grass County","MT"
"Teton County","MT"
"Toole County","MT"
"Treasure County","MT"
"Valley County","MT"
"Wheatland County","MT"
"Wibaux County","MT"
"Yellowstone County","MT"
"Alamance County","NC"
"Alleghany County","NC"
"Anson County","NC"
"Ashe County","NC"
"Avery County","NC"
"Beaufort County","NC"
"Bertie County","NC"
"Buncombe County","NC"
"Burke County","NC"
"Caldwell County","NC"
"Carteret County","NC"
"Caswell County","NC"
"Catawba County","NC"
"Chowan County","NC"
"Cleveland County","NC"
"Columbus County","NC"
"Davidson County","NC"
"Davie County","NC"
"Edgecombe County","NC"
"Forsyth County","NC"
"Gates County","NC"
"Graham County","NC"
"Granville County","NC"
"Greene County","NC"
"Halifax County","NC"
"Hertford County","NC"
"Hoke County","NC"
"Hyde County","NC"
"Jackson County","NC"
"Jones County","NC"
"Madison County","NC"
"Martin County","NC"
"Mitchell County","NC"
"Montgomery County","NC"
"Moore County","NC"
"Northampton County","NC"
"Pamlico County","NC"
"Pender County","NC"
"Perquimans County","NC"
"Person County","NC"
"Polk County","NC"
"Richmond County","NC"
"Rockingham County","NC"
"Rutherford County","NC"
"Stokes County","NC"
"Surry County","NC"
"Transylvania County","NC"
"Tyrrell County","NC"
"Union County","NC"
"Vance County","NC"
"Warren County","NC"
"Washington County","NC"
"Watauga County","NC"
"Wilkes County","NC"
"Wilson County","NC"
"Yadkin County","NC"
"Yancey County","NC"
"Adams County","ND"
"Barnes County","ND"
"Benson County","ND"
"Billings County","ND"
"Bottineau County","ND"
"Bowman County","ND"
"Burke County","ND"
"Cass County","ND"
"Cavalier County","ND"
"Dickey County","ND"
"Divide County","ND"
"Dunn County","ND"
"Eddy County","ND"
"Emmons County","ND"
"Foster County","ND"
"Golden Valley County","ND"
"Grand Forks County","ND"
"Grant County","ND"
"Griggs County","ND"
"Hettinger County","ND"
"Kidder County","ND"
"Logan County","ND"
"McHenry County","ND"
"McIntosh County","ND"
"McLean County","ND"
"Mercer County","ND"
"Morton County","ND"
"Mountrail County","ND"
"Nelson County","ND"
"Oliver County","ND"
"Pierce County","ND"
"Ramsey County","ND"
"Ransom County","ND"
"Renville County","ND"
"Richland County","ND"
"Rolette County","ND"
"Sargent County","ND"
"Sheridan County","ND"
"Sioux County","ND"
"Slope County","ND"
"Stark County","ND"
"Steele County","ND"
"Stutsman County","ND"
"Towner County","ND"
"Traill County","ND"
"Walsh County","ND"
"Wells County","ND"
"Adams County","NE"
"Antelope County","NE"
"Arthur County","NE"
"Banner County","NE"
"Blaine County","NE"
"Boone County","NE"
"Box Butte County","NE"
"Boyd County","NE"
"Brown County","NE"
"Buffalo County","NE"
"Burt County","NE"
"Butler County","NE"
"Cass County","NE"
"Cedar County","NE"
"Chase County","NE"
"Cherry County","NE"
"Cheyenne County","NE"
"Clay County","NE"
"Colfax County","NE"
"Cuming County","NE"
"Custer County","NE"
"Dakota County","NE"
"Dawes County","NE"
"Dawson County","NE"
"Deuel County","NE"
"Dixon County","NE"
"Dodge County","NE"
"Dundy County","NE"
"Fillmore County","NE"
"Franklin County","NE"
"Frontier County","NE"
"Furnas County","NE"
"Gage County","NE"
"Garden County","NE"
"Garfield County","NE"
"Gosper County","NE"
"Greeley County","NE"
"Hall County","NE"
"Hamilton County","NE"
"Harlan County","NE"
"Hayes County","NE"
"Hitchcock County","NE"
"Holt County","NE"
"Hooker County","NE"
"Howard County","NE"
"Jefferson County","NE"
"Johnson County","NE"
"Kearney County","NE"
"Keith County","NE"
"Keya Paha County","NE"
"Kimball County","NE"
"Knox County","NE"
"Lancaster County","NE"
"Logan County","NE"
"Loup County","NE"
"McPherson County","NE"
"Merrick County","NE"
"Morrill County","NE"
"Nance County","NE"
"Nemaha County","NE"
"Nuckolls County","NE"
"Otoe County","NE"
"Pawnee County","NE"
"Perkins County","NE"
"Phelps County","NE"
"Pierce County","NE"
"Polk County","NE"
"Red Willow County","NE"
"Richardson County","NE"
"Rock County","NE"
"Saline County","NE"
"Sarpy County","NE"
"Saunders County","NE"
"Scotts Bluff County","NE"
"Sheridan County","NE"
"Sherman County","NE"
"Sioux County","NE"
"Stanton County","NE"
"Thayer County","NE"
"Thomas County","NE"
"Thurston County","NE"
"Valley County","NE"
"Washington County","NE"
"Wayne County","NE"
"Webster County","NE"
"Wheeler County","NE"
"York County","NE"
"Cheshire County","NH"
"Sullivan County","NH"
"Atlantic County","NJ"
"Bergen County","NJ"
"Burlington County","NJ"
"Camden County","NJ"
"Cape May County","NJ"
"Gloucester County","NJ"
"Hunterdon County","NJ"
"Mercer County","NJ"
"Morris County","NJ"
"Sussex County","NJ"
"Bernalillo County","NM"
"Cibola County","NM"
"Colfax County","NM"
"Curry County","NM"
"De Baca County","NM"
"Dona Ana County","NM"
"Grant County","NM"
"Guadalupe County","NM"
"Harding County","NM"
"Hidalgo County","NM"
"Los Alamos County","NM"
"Luna County","NM"
"McKinley County","NM"
"Mora County","NM"
"Quay County","NM"
"Rio Arriba County","NM"
"Roosevelt County","NM"
"San Miguel County","NM"
"Sandoval County","NM"
"Santa Fe County","NM"
"Sierra County","NM"
"Socorro County","NM"
"Taos County","NM"
"Torrance County","NM"
"Union County","NM"
"Valencia County","NM"
"Carson City","NV"
"Churchill County","NV"
"Douglas County","NV"
"Elko County","NV"
"Esmeralda County","NV"
"Eureka County","NV"
"Lander County","NV"
"Lincoln County","NV"
"Lyon County","NV"
"Mineral County","NV"
"Nye County","NV"
"Pershing County","NV"
"Storey County","NV"
"White Pine County","NV"
"Albany County","NY"
"Allegany County","NY"
"Broome County","NY"
"Cattaraugus County","NY"
"Cayuga County","NY"
"Chautauqua County","NY"
"Chemung County","NY"
"Chenango County","NY"
"Clinton County","NY"
"Columbia County","NY"
"Cortland County","NY"
"Delaware County","NY"
"Dutchess County","NY"
"Erie County","NY"
"Essex County","NY"
"Franklin County","NY"
"Fulton County","NY"
"Genesee County","NY"
"Greene County","NY"
"Hamilton County","NY"
"Herkimer County","NY"
"Jefferson County","NY"
"Livingston County","NY"
"Madison County","NY"
"Monroe County","NY"
"Montgomery County","NY"
"New York County","NY"
"Niagara County","NY"
"Oneida County","NY"
"Onondaga County","NY"
"Ontario County","NY"
"Orange County","NY"
"Orleans County","NY"
"Oswego County","NY"
"Otsego County","NY"
"Putnam County","NY"
"Rensselaer County","NY"
"Richmond County","NY"
"Rockland County","NY"
"Saratoga County","NY"
"Schenectady County","NY"
"Schoharie County","NY"
"Schuyler County","NY"
"Seneca County","NY"
"St. Lawrence County","NY"
"Steuben County","NY"
"Sullivan County","NY"
"Tioga County","NY"
"Ulster County","NY"
"Warren County","NY"
"Washington County","NY"
"Wayne County","NY"
"Westchester County","NY"
"Wyoming County","NY"
"Yates County","NY"
"Allen County","OH"
"Athens County","OH"
"Auglaize County","OH"
"Belmont County","OH"
"Brown County","OH"
"Carroll County","OH"
"Champaign County","OH"
"Clermont County","OH"
"Clinton County","OH"
"Columbiana County","OH"
"Coshocton County","OH"
"Defiance County","OH"
"Erie County","OH"
"Fayette County","OH"
"Fulton County","OH"
"Gallia County","OH"
"Geauga County","OH"
"Hamilton County","OH"
"Hancock County","OH"
"Hardin County","OH"
"Harrison County","OH"
"Henry County","OH"
"Holmes County","OH"
"Huron County","OH"
"Jackson County","OH"
"Jefferson County","OH"
"Knox County","OH"
"Licking County","OH"
"Logan County","OH"
"Marion County","OH"
"Medina County","OH"
"Meigs County","OH"
"Mercer County","OH"
"Miami County","OH"
"Monroe County","OH"
"Morgan County","OH"
"Morrow County","OH"
"Noble County","OH"
"Ottawa County","OH"
"Paulding County","OH"
"Perry County","OH"
"Pickaway County","OH"
"Pike County","OH"
"Portage County","OH"
"Preble County","OH"
"Putnam County","OH"
"Ross County","OH"
"Sandusky County","OH"
"Scioto County","OH"
"Summit County","OH"
"Union County","OH"
"Van Wert County","OH"
"Vinton County","OH"
"Washington County","OH"
"Wayne County","OH"
"Williams County","OH"
"Wood County","OH"
"Wyandot County","OH"
"Alfalfa County","OK"
"Atoka County","OK"
"Beckham County","OK"
"Blaine County","OK"
"Bryan County","OK"
"Caddo County","OK"
"Canadian County","OK"
"Choctaw County","OK"
"Cimarron County","OK"
"Cleveland County","OK"
"Comanche County","OK"
"Cotton County","OK"
"Craig County","OK"
"Creek County","OK"
"Delaware County","OK"
"Dewey County","OK"
"Ellis County","OK"
"Grady County","OK"
"Grant County","OK"
"Greer County","OK"
"Harmon County","OK"
"Harper County","OK"
"Haskell County","OK"
"Jackson County","OK"
"Jefferson County","OK"
"Johnston County","OK"
"Kingfisher County","OK"
"Latimer County","OK"
"Logan County","OK"
"Love County","OK"
"Major County","OK"
"Marshall County","OK"
"McIntosh County","OK"
"Murray County","OK"
"Noble County","OK"
"Nowata County","OK"
"Okfuskee County","OK"
"Osage County","OK"
"Ottawa County","OK"
"Pawnee County","OK"
"Pushmataha County","OK"
"Rogers County","OK"
"Seminole County","OK"
"Stephens County","OK"
"Texas County","OK"
"Tillman County","OK"
"Washington County","OK"
"Washita County","OK"
"Woods County","OK"
"Woodward County","OK"
"Baker County","OR"
"Benton County","OR"
"Clackamas County","OR"
"Clatsop County","OR"
"Columbia County","OR"
"Crook County","OR"
"Curry County","OR"
"Gilliam County","OR"
"Grant County","OR"
"Harney County","OR"
"Hood River County","OR"
"Jefferson County","OR"
"Josephine County","OR"
"Klamath County","OR"
"Lake County","OR"
"Lane County","OR"
"Lincoln County","OR"
"Linn County","OR"
"Malheur County","OR"
"Marion County","OR"
"Morrow County","OR"
"Multnomah County","OR"
"Polk County","OR"
"Sherman County","OR"
"Tillamook County","OR"
"Umatilla County","OR"
"Union County","OR"
"Wallowa County","OR"
"Wheeler County","OR"
"Yamhill County","OR"
"Armstrong County","PA"
"Beaver County","PA"
"Bedford County","PA"
"Bradford County","PA"
"Butler County","PA"
"Cambria County","PA"
"Cameron County","PA"
"Carbon County","PA"
"Centre County","PA"
"Chester County","PA"
"Clarion County","PA"
"Clinton County","PA"
"Columbia County","PA"
"Crawford County","PA"
"Cumberland County","PA"
"Elk County","PA"
"Forest County","PA"
"Franklin County","PA"
"Fulton County","PA"
"Huntingdon County","PA"
"Indiana County","PA"
"Jefferson County","PA"
"Juniata County","PA"
"Lackawanna County","PA"
"Lancaster County","PA"
"Lawrence County","PA"
"Lebanon County","PA"
"Lehigh County","PA"
"Lycoming County","PA"
"McKean County","PA"
"Mercer County","PA"
"Mifflin County","PA"
"Monroe County","PA"
"Montour County","PA"
"Northumberland County","PA"
"Perry County","PA"
"Pike County","PA"
"Potter County","PA"
"Schuylkill County","PA"
"Snyder County","PA"
"Somerset County","PA"
"Sullivan County","PA"
"Susquehanna County","PA"
"Tioga County","PA"
"Union County","PA"
"Venango County","PA"
"Warren County","PA"
"Wayne County","PA"
"Wyoming County","PA"
"Bristol County","RI"
"Aurora County","SD"
"Beadle County","SD"
"Bennett County","SD"
"Bon Homme County","SD"
"Brookings County","SD"
"Brule County","SD"
"Buffalo County","SD"
"Butte County","SD"
"Campbell County","SD"
"Charles Mix County","SD"
"Clark County","SD"
"Corson County","SD"
"Custer County","SD"
"Davison County","SD"
"Day County","SD"
"Deuel County","SD"
"Dewey County","SD"
"Douglas County","SD"
"Edmunds County","SD"
"Fall River County","SD"
"Faulk County","SD"
"Grant County","SD"
"Gregory County","SD"
"Haakon County","SD"
"Hamlin County","SD"
"Hand County","SD"
"Hanson County","SD"
"Harding County","SD"
"Hughes County","SD"
"Hutchinson County","SD"
"Hyde County","SD"
"Jackson County","SD"
"Jerauld County","SD"
"Jones County","SD"
"Kingsbury County","SD"
"Lake County","SD"
"Lyman County","SD"
"Marshall County","SD"
"McCook County","SD"
"McPherson County","SD"
"Meade County","SD"
"Mellette County","SD"
"Miner County","SD"
"Moody County","SD"
"Pennington County","SD"
"Perkins County","SD"
"Potter County","SD"
"Roberts County","SD"
"Sanborn County","SD"
"Shannon County","SD"
"Spink County","SD"
"Stanley County","SD"
"Sully County","SD"
"Todd County","SD"
"Tripp County","SD"
"Turner County","SD"
"Union County","SD"
"Walworth County","SD"
"Yankton County","SD"
"Ziebach County","SD"
"Bedford County","TN"
"Benton County","TN"
"Bledsoe County","TN"
"Blount County","TN"
"Campbell County","TN"
"Cannon County","TN"
"Carter County","TN"
"Cheatham County","TN"
"Chester County","TN"
"Claiborne County","TN"
"Clay County","TN"
"Cocke County","TN"
"Crockett County","TN"
"Cumberland County","TN"
"De Kalb County","TN"
"Decatur County","TN"
"Dyer County","TN"
"Fayette County","TN"
"Fentress County","TN"
"Franklin County","TN"
"Grundy County","TN"
"Hamblen County","TN"
"Hancock County","TN"
"Hardin County","TN"
"Haywood County","TN"
"Henderson County","TN"
"Hickman County","TN"
"Houston County","TN"
"Jackson County","TN"
"Johnson County","TN"
"Lake County","TN"
"Lawrence County","TN"
"Lewis County","TN"
"Lincoln County","TN"
"Loudon County","TN"
"Madison County","TN"
"Marion County","TN"
"Marshall County","TN"
"McNairy County","TN"
"Meigs County","TN"
"Monroe County","TN"
"Montgomery County","TN"
"Moore County","TN"
"Obion County","TN"
"Overton County","TN"
"Pickett County","TN"
"Putnam County","TN"
"Robertson County","TN"
"Rutherford County","TN"
"Sequatchie County","TN"
"Sullivan County","TN"
"Tipton County","TN"
"Trousdale County","TN"
"Unicoi County","TN"
"Warren County","TN"
"Washington County","TN"
"Wayne County","TN"
"Weakley County","TN"
"Anderson County","TX"
"Andrews County","TX"
"Aransas County","TX"
"Archer County","TX"
"Armstrong County","TX"
"Atascosa County","TX"
"Austin County","TX"
"Bailey County","TX"
"Bastrop County","TX"
"Baylor County","TX"
"Bee County","TX"
"Borden County","TX"
"Bowie County","TX"
"Brewster County","TX"
"Briscoe County","TX"
"Brooks County","TX"
"Burleson County","TX"
"Caldwell County","TX"
"Calhoun County","TX"
"Callahan County","TX"
"Camp County","TX"
"Carson County","TX"
"Cass County","TX"
"Castro County","TX"
"Chambers County","TX"
"Childress County","TX"
"Clay County","TX"
"Cochran County","TX"
"Coke County","TX"
"Coleman County","TX"
"Collingsworth County","TX"
"Colorado County","TX"
"Concho County","TX"
"Cooke County","TX"
"Cottle County","TX"
"Crane County","TX"
"Crockett County","TX"
"Crosby County","TX"
"Culberson County","TX"
"Dallam County","TX"
"Dawson County","TX"
"Deaf Smith County","TX"
"Delta County","TX"
"Dickens County","TX"
"Dimmit County","TX"
"Donley County","TX"
"Duval County","TX"
"Eastland County","TX"
"Ector County","TX"
"Edwards County","TX"
"El Paso County","TX"
"Falls County","TX"
"Fisher County","TX"
"Floyd County","TX"
"Franklin County","TX"
"Frio County","TX"
"Gaines County","TX"
"Garza County","TX"
"Gillespie County","TX"
"Glasscock County","TX"
"Goliad County","TX"
"Gonzales County","TX"
"Gray County","TX"
"Grayson County","TX"
"Gregg County","TX"
"Grimes County","TX"
"Guadalupe County","TX"
"Hale County","TX"
"Hall County","TX"
"Hamilton County","TX"
"Hansford County","TX"
"Hardeman County","TX"
"Harrison County","TX"
"Hartley County","TX"
"Haskell County","TX"
"Hemphill County","TX"
"Hopkins County","TX"
"Houston County","TX"
"Howard County","TX"
"Hudspeth County","TX"
"Hutchinson County","TX"
"Irion County","TX"
"Jack County","TX"
"Jackson County","TX"
"Jasper County","TX"
"Jeff Davis County","TX"
"Jim Hogg County","TX"
"Karnes County","TX"
"Kenedy County","TX"
"Kent County","TX"
"Kimble County","TX"
"King County","TX"
"Kinney County","TX"
"Knox County","TX"
"La Salle County","TX"
"Lamb County","TX"
"Lampasas County","TX"
"Lavaca County","TX"
"Lee County","TX"
"Liberty County","TX"
"Lipscomb County","TX"
"Live Oak County","TX"
"Llano County","TX"
"Loving County","TX"
"Lynn County","TX"
"Madison County","TX"
"Marion County","TX"
"Martin County","TX"
"Mason County","TX"
"Maverick County","TX"
"McLennan County","TX"
"McMullen County","TX"
"Medina County","TX"
"Menard County","TX"
"Midland County","TX"
"Milam County","TX"
"Mills County","TX"
"Mitchell County","TX"
"Montague County","TX"
"Moore County","TX"
"Morris County","TX"
"Motley County","TX"
"Newton County","TX"
"Ochiltree County","TX"
"Oldham County","TX"
"Orange County","TX"
"Panola County","TX"
"Parmer County","TX"
"Pecos County","TX"
"Potter County","TX"
"Presidio County","TX"
"Rains County","TX"
"Reagan County","TX"
"Real County","TX"
"Red River County","TX"
"Reeves County","TX"
"Refugio County","TX"
"Roberts County","TX"
"Robertson County","TX"
"Rockwall County","TX"
"Runnels County","TX"
"Rusk County","TX"
"Sabine County","TX"
"San Augustine County","TX"
"San Jacinto County","TX"
"San Patricio County","TX"
"San Saba County","TX"
"Scurry County","TX"
"Shackelford County","TX"
"Shelby County","TX"
"Sherman County","TX"
"Somervell County","TX"
"Starr County","TX"
"Stephens County","TX"
"Sterling County","TX"
"Stonewall County","TX"
"Sutton County","TX"
"Swisher County","TX"
"Taylor County","TX"
"Terrell County","TX"
"Terry County","TX"
"Throckmorton County","TX"
"Titus County","TX"
"Trinity County","TX"
"Tyler County","TX"
"Upshur County","TX"
"Uvalde County","TX"
"Val Verde County","TX"
"Van Zandt County","TX"
"Victoria County","TX"
"Waller County","TX"
"Ward County","TX"
"Webb County","TX"
"Wheeler County","TX"
"Wilbarger County","TX"
"Willacy County","TX"
"Wilson County","TX"
"Winkler County","TX"
"Wood County","TX"
"Yoakum County","TX"
"Young County","TX"
"Zapata County","TX"
"Zavala County","TX"
"Beaver County","UT"
"Box Elder County","UT"
"Cache County","UT"
"Carbon County","UT"
"Daggett County","UT"
"Davis County","UT"
"Duchesne County","UT"
"Emery County","UT"
"Garfield County","UT"
"Grand County","UT"
"Iron County","UT"
"Juab County","UT"
"Kane County","UT"
"Millard County","UT"
"Morgan County","UT"
"Piute County","UT"
"Rich County","UT"
"San Juan County","UT"
"Sanpete County","UT"
"Sevier County","UT"
"Summit County","UT"
"Uintah County","UT"
"Utah County","UT"
"Wasatch County","UT"
"Washington County","UT"
"Wayne County","UT"
"Weber County","UT"
"Albemarle County","VA"
"Alleghany County","VA"
"Amelia County","VA"
"Amherst County","VA"
"Appomattox County","VA"
"Arlington County","VA"
"Augusta County","VA"
"Bath County","VA"
"Bedford city","VA"
"Bedford County","VA"
"Bland County","VA"
"Botetourt County","VA"
"Bristol city","VA"
"Brunswick County","VA"
"Buchanan County","VA"
"Buckingham County","VA"
"Buena Vista city","VA"
"Caroline County","VA"
"Charles City County","VA"
"Charlotte County","VA"
"Clarke County","VA"
"Clifton Forge city","VA"
"Colonial Heights city","VA"
"Covington city","VA"
"Craig County","VA"
"Culpeper County","VA"
"Cumberland County","VA"
"Danville city","VA"
"Dickenson County","VA"
"Dinwiddie County","VA"
"Emporia city","VA"
"Essex County","VA"
"Fairfax city","VA"
"Falls Church city","VA"
"Floyd County","VA"
"Fluvanna County","VA"
"Franklin city","VA"
"Franklin County","VA"
"Fredericksburg city","VA"
"Galax city","VA"
"Giles County","VA"
"Goochland County","VA"
"Grayson County","VA"
"Greene County","VA"
"Greensville County","VA"
"Halifax County","VA"
"Harrisonburg city","VA"
"Henrico County","VA"
"Henry County","VA"
"Hopewell city","VA"
"Isle Of Wight County","VA"
"James City County","VA"
"King And Queen County","VA"
"King George County","VA"
"King William County","VA"
"Lancaster County","VA"
"Lee County","VA"
"Lexington city","VA"
"Loudoun County","VA"
"Louisa County","VA"
"Lunenburg County","VA"
"Lynchburg city","VA"
"Madison County","VA"
"Manassas Park city","VA"
"Martinsville city","VA"
"Mathews County","VA"
"Mecklenburg County","VA"
"Middlesex County","VA"
"Montgomery County","VA"
"Nelson County","VA"
"New Kent County","VA"
"Norfolk city","VA"
"Northampton County","VA"
"Northumberland County","VA"
"Norton city","VA"
"Nottoway County","VA"
"Orange County","VA"
"Page County","VA"
"Patrick County","VA"
"Poquoson city","VA"
"Portsmouth city","VA"
"Powhatan County","VA"
"Prince Edward County","VA"
"Pulaski County","VA"
"Rappahannock County","VA"
"Richmond County","VA"
"Roanoke city","VA"
"Roanoke County","VA"
"Rockbridge County","VA"
"Rockingham County","VA"
"Russell County","VA"
"Salem city","VA"
"Scott County","VA"
"Shenandoah County","VA"
"Smyth County","VA"
"Southampton County","VA"
"Stafford County","VA"
"Staunton city","VA"
"Suffolk city","VA"
"Surry County","VA"
"Sussex County","VA"
"Tazewell County","VA"
"Virginia Beach city","VA"
"Warren County","VA"
"Washington County","VA"
"Waynesboro city","VA"
"Westmoreland County","VA"
"Williamsburg city","VA"
"Winchester city","VA"
"Wise County","VA"
"Wythe County","VA"
"York County","VA"
"Addison County","VT"
"Bennington County","VT"
"Caledonia County","VT"
"Essex County","VT"
"Franklin County","VT"
"Orange County","VT"
"Rutland County","VT"
"Washington County","VT"
"Windham County","VT"
"Windsor County","VT"
"Adams County","WA"
"Asotin County","WA"
"Chelan County","WA"
"Clallam County","WA"
"Clark County","WA"
"Columbia County","WA"
"Douglas County","WA"
"Ferry County","WA"
"Franklin County","WA"
"Garfield County","WA"
"Grant County","WA"
"Island County","WA"
"Kitsap County","WA"
"Klickitat County","WA"
"Lewis County","WA"
"Lincoln County","WA"
"Mason County","WA"
"Okanogan County","WA"
"Pend Oreille County","WA"
"San Juan County","WA"
"Skamania County","WA"
"Spokane County","WA"
"Stevens County","WA"
"Walla Walla County","WA"
"Whatcom County","WA"
"Whitman County","WA"
"Yakima County","WA"
"Adams County","WI"
"Bayfield County","WI"
"Brown County","WI"
"Buffalo County","WI"
"Calumet County","WI"
"Chippewa County","WI"
"Clark County","WI"
"Columbia County","WI"
"Crawford County","WI"
"Dane County","WI"
"Door County","WI"
"Douglas County","WI"
"Dunn County","WI"
"Eau Claire County","WI"
"Florence County","WI"
"Fond du Lac County","WI"
"Forest County","WI"
"Grant County","WI"
"Green County","WI"
"Green Lake County","WI"
"Iowa County","WI"
"Iron County","WI"
"Jackson County","WI"
"Jefferson County","WI"
"Juneau County","WI"
"Kenosha County","WI"
"Kewaunee County","WI"
"La Crosse County","WI"
"Lafayette County","WI"
"Langlade County","WI"
"Lincoln County","WI"
"Manitowoc County","WI"
"Marathon County","WI"
"Marinette County","WI"
"Marquette County","WI"
"Menominee County","WI"
"Monroe County","WI"
"Oconto County","WI"
"Oneida County","WI"
"Outagamie County","WI"
"Ozaukee County","WI"
"Pepin County","WI"
"Pierce County","WI"
"Portage County","WI"
"Price County","WI"
"Rusk County","WI"
"Sauk County","WI"
"Sawyer County","WI"
"Shawano County","WI"
"Sheboygan County","WI"
"St. Croix County","WI"
"Taylor County","WI"
"Trempealeau County","WI"
"Vernon County","WI"
"Vilas County","WI"
"Walworth County","WI"
"Washburn County","WI"
"Waupaca County","WI"
"Waushara County","WI"
"Winnebago County","WI"
"Barbour County","WV"
"Berkeley County","WV"
"Boone County","WV"
"Braxton County","WV"
"Brooke County","WV"
"Cabell County","WV"
"Calhoun County","WV"
"Clay County","WV"
"Fayette County","WV"
"Gilmer County","WV"
"Greenbrier County","WV"
"Hampshire County","WV"
"Hancock County","WV"
"Lewis County","WV"
"Lincoln County","WV"
"Marshall County","WV"
"Mason County","WV"
"McDowell County","WV"
"Mineral County","WV"
"Mingo County","WV"
"Monongalia County","WV"
"Monroe County","WV"
"Morgan County","WV"
"Nicholas County","WV"
"Ohio County","WV"
"Pendleton County","WV"
"Pleasants County","WV"
"Pocahontas County","WV"
"Preston County","WV"
"Randolph County","WV"
"Ritchie County","WV"
"Roane County","WV"
"Summers County","WV"
"Taylor County","WV"
"Tucker County","WV"
"Upshur County","WV"
"Wayne County","WV"
"Webster County","WV"
"Wetzel County","WV"
"Wirt County","WV"
"Campbell County","WY"
"Carbon County","WY"
"Converse County","WY"
"Crook County","WY"
"Fremont County","WY"
"Goshen County","WY"
"Hot Springs County","WY"
"Johnson County","WY"
"Laramie County","WY"
"Lincoln County","WY"
"Natrona County","WY"
"Niobrara County","WY"
"Park County","WY"
"Platte County","WY"
"Sublette County","WY"
"Sweetwater County","WY"
"Teton County","WY"
"Uinta County","WY"
"Weston County","WY"
